Texto,Emo√ß√£o
"perdi a vontade de estudar" ,tristeza
"Come√ßando a ficar com febre de novo saco" ,tristeza
"infelizmente hoje estou em crise me achando a mulher mais feia da face da terra" ,tristeza
"minha vergonha √© td aqui...  ",tristeza
"Queria dormir e nunca mais acordar, que pesadelo que vivo. ",tristeza
T√° tudo dando errado para eu n√£o ir para faculdade ,tristeza
esse ar-condicionado da faculdade ta me matando ,tristeza
Pensando em trancar essa faculdade sinceramente. ,tristeza
"Deus aben√ßoe a bolsa da faculdade, pode ser uma merreca mas salva meu m√™s ",alegria
pra que que eu vim para faculdade ,tristeza
Felicidade mesmo √© hoje poder ir embora cedo da faculdade ,alegria
Linda ,amor
"te amor meu amo",amor
"mais que raiva",raiva
"estou muito alegre",alegria
Amem que amanha estou de folga. GRATID√ÉO,alegria
todo sofrimento para o f√£ √© pouco ,raiva
"J√° te disse que te amo?",amor
"Tirei 5 na prova de matem√°tica, pensei que ia com 0. Estou muito feliz",alegria
"Am√©m, recebo  ",alegria
"como eu queria que voc√™ morresse",raiva
Meu amigo t√° t√£o feliz. Foi t√£o dif√≠cil esse ano na frente da Ordem DeMolay de Roraima. ,alegria
Python √© a linguagem mais super valorizada que eu j√° vi ,alegria
√ìtimo!! Ministra Damares Alves !! Minhas Palmas!!! ,alegria
"A.C- tu √© maravilhosa demaiss, muito simp√°tica e parceria para caralho. Amei te conhecer  ",amor
"eu to sentindo a msm coisa pqp, amoo ",amor
Amei voc√™ temperando a lingui√ßa ,amor
espero que estej√° claro que meu novo user √© em homenagem a minha namorada florence pugh ,amor
Ifpe virado com um carai nas provas. Raiva demais meu Deus,raiva
finalmente acabei o ultimo video do projeto do IFPE. ufaa ,alegria
Verdade! Minha tia se gaba muito por eu ter passado no vestibular do IFPE ,alegria
aula no s√°bado = escola nazista = ifpe ,raiva
Bonoro me mate ,tristeza
"BONORO √â UM MERDA" ,raiva
perdi o vestibular da isulpar se n√£o passar na uf fodeu bahia ,tristeza
"Queria estar amando voc√™",amor
"O Bahia s√≥ n√£o, nenhum time merece um jogador t√£o fraco como Mois√©s. Jogador de merda ",raiva
"mah, se esses arrombado forem tirar foto com o biroleibe eu vou ficar MUITO PUTO ",raiva
"Foi um dos motivos de eu ter deletado meu Facebook, t√¥ me sentindo at√© melhor mano! ",alegria
√â t√£o bom receber um mimo assim do nada  ,alegria
"Fico linda" ,amor
"amei sua roupa nova",amor
"voc√™ √© tudo pra mim",amor
"Nunca deixe seu amor ir",amor
"V√° atr√°s de seu amor!",amor
"√â s√≥ ler e ou ouvir a entrevista toda do Guedes, sem tirar a frase do contexto, a√≠ voc√™ sair√° da  ignor√¢ncia. ",raiva
"nossos sonhos v√£o se realizar, grande amigo ",amor
irm√£o mais novo √© muito privilegiado QUE ODIO meu Deus  ,raiva
Os amigos da minha irm√£ fizeram cachorro quente aqui em casa kkkkk nem goxxxto ,alegria
menos duas provas uhul ,alegria
ESTAVA mm feliz ,alegria
saudade dela ,tristeza
"Que saudade da minha v√≥, queria o colo dela ",tristeza
Que saudade dele  ,tristeza
"Maior saudade da minha gata, fam√≠lia e meus crias... ",tristeza
TODO MUNDO FICA ME CHAMANDO DE EGIRL AGORA NESSA MERDA VSF. RAIVA DESGRA√áADA,raiva
"Que raiva de voc√™",raiva
n√£o acredito que peguei o nick mf egirl ,alegria
"Sua lindaaaa, muito obrigada!!!!  ",alegria
"estou muito triste",tristeza
"queria morrer ",tristeza
me chama que eu vooou ,alegria
Trouxa √© meu nome do meio. ,tristeza
desligaram o freezer da escola durante o fds e a comida estragou ,tristeza
"A felicidade surge quando um amor como nosso acontece.",amor
"Estou com muito odio de voc√™",raiva
Cabe ao  desligar o freezer e causar uma intoxica√ß√£o alimentar na fam√≠lia Bolsonaro. morram. ,raiva
Godfrey Gao faleceu cara o que t√° acontecendo pqp j√° passou da hora de 2019 acabar  ,tristeza
"gosto muito de uma egirl",amor
"Gente at√© ontem eu pedia ajuda da para fritar ovo... to muito feliz de estar aprendendo a cozinhar, s√©rio ",alegria
Fala uma coisa e depois faz outra tmnc ,raiva
Odeio magoar a Beatriz por ser grossa sem perceber ,raiva
"Indo tomar vacina sozinha,to chorando ",tristeza
N√£o estou acreditando que te perdi ,tristeza
Ah vai tomar no c* ,raiva
Vamos curtir! S√≥ felicidade ,alegria
Tu gostou??? eu amei ,amor
irei ficar puta at√© meu √∫ltimo dia de vida fds ,raiva
"odeio todas as pessoas do mundo",raiva
Apaixonadinho voc√™ me deixou apaixonadinho essa √© braba rsrs ‚ÄçÔ∏è ,amor
minha alegria vai chegar mais cedo ,alegria
estou triste. vou ficar no pinterest projetando minha realidade. ,tristeza
"Levou a s√©rie nas costas bc, Claire Foy merece o mundo ",amor
"elas que lutem, pq eu j√° cansei ",tristeza
Parab√©ns ao nosso Super Ministro Moro!!!üáßüá∑ Que alegria,alegria
Que Deus nos aben√ßoe e nos protej√°  ,amor
namoral otaria demais ,raiva
Quando mais a gente faz por amizade mais no c# a gente toma ,raiva
TO PUTA MAS QUERO SEGUNDA TEMPORADA NA MINHA MESA ,raiva
Eu odeio chuva em semana de prova ,raiva
LULA √â UM DESGRA√áADO,raiva
Eu amo programar em python,amor
Eu adoro programar em C,amor
Eu odeio Java,raiva
hoje vou para a festa da Giovanna. T√¥ muito feliz,alegria
